,날짜,보통휘발유,자동차용경유,연도,일자
0,2019년01월01일,1375.08,1272.42,2019,01월01일
1,2019년01월02일,1371.58,1269.2,2019,01월02일
2,2019년01월03일,1367.67,1265.31,2019,01월03일
3,2019년01월04일,1363.93,1261.82,2019,01월04일
4,2019년01월05일,1361.02,1258.88,2019,01월05일
5,2019년01월06일,1359.6,1257.43,2019,01월06일
6,2019년01월07일,1357.21,1255.3,2019,01월07일
7,2019년01월08일,1354.46,1252.58,2019,01월08일
8,2019년01월09일,1352.61,1250.76,2019,01월09일
9,2019년01월10일,1351.2,1249.46,2019,01월10일
10,2019년01월11일,1350.06,1248.49,2019,01월11일
11,2019년01월12일,1349.44,1247.73,2019,01월12일
12,2019년01월13일,1349.16,1247.24,2019,01월13일
13,2019년01월14일,1348.54,1246.92,2019,01월14일
14,2019년01월15일,1347.96,1246.19,2019,01월15일
15,2019년01월16일,1347.39,1245.63,2019,01월16일
16,2019년01월17일,1346.77,1245.01,2019,01월17일
17,2019년01월18일,1346.19,1244.52,2019,01월18일
18,2019년01월19일,1345.82,1244.19,2019,01월19일
19,2019년01월20일,1345.6,1243.97,2019,01월20일
20,2019년01월21일,1345.57,1244.06,2019,01월21일
21,2019년01월22일,1345.59,1243.88,2019,01월22일
22,2019년01월23일,1345.48,1243.78,2019,01월23일
23,2019년01월24일,1345.35,1243.69,2019,01월24일
24,2019년01월25일,1345.27,1243.58,2019,01월25일
25,2019년01월26일,1344.93,1243.33,2019,01월26일
26,2019년01월27일,1344.94,1243.22,2019,01월27일
27,2019년01월28일,1344.93,1243.41,2019,01월28일
28,2019년01월29일,1344.76,1243.41,2019,01월29일
29,2019년01월30일,1344.49,1243.27,2019,01월30일
30,2019년01월31일,1344.35,1243.04,2019,01월31일
31,2019년02월01일,1344.15,1242.99,2019,02월01일
32,2019년02월02일,1344.21,1243.01,2019,02월02일
33,2019년02월03일,1344.16,1242.9,2019,02월03일
34,2019년02월04일,1344.12,1242.77,2019,02월04일
35,2019년02월05일,1344.13,1242.71,2019,02월05일
36,2019년02월06일,1343.85,1242.41,2019,02월06일
37,2019년02월07일,1343.8,1242.24,2019,02월07일
38,2019년02월08일,1343.48,1242.17,2019,02월08일
39,2019년02월09일,1343.19,1242.03,2019,02월09일
40,2019년02월10일,1343.13,1241.93,2019,02월10일
41,2019년02월11일,1342.93,1241.92,2019,02월11일
42,2019년02월12일,1342.66,1241.75,2019,02월12일
43,2019년02월13일,1342.5,1241.58,2019,02월13일
44,2019년02월14일,1342.34,1241.53,2019,02월14일
45,2019년02월15일,1342.24,1241.52,2019,02월15일
46,2019년02월16일,1342.55,1241.71,2019,02월16일
47,2019년02월17일,1342.62,1241.69,2019,02월17일
48,2019년02월18일,1342.75,1242.03,2019,02월18일
49,2019년02월19일,1342.87,1242.2,2019,02월19일
50,2019년02월20일,1342.97,1242.5,2019,02월20일
51,2019년02월21일,1343.19,1242.74,2019,02월21일
52,2019년02월22일,1343.7,1243.23,2019,02월22일
53,2019년02월23일,1344.3,1243.82,2019,02월23일
54,2019년02월24일,1344.64,1244.03,2019,02월24일
55,2019년02월25일,1345.21,1244.77,2019,02월25일
56,2019년02월26일,1345.97,1245.75,2019,02월26일
57,2019년02월27일,1346.57,1246.36,2019,02월27일
58,2019년02월28일,1347.17,1246.94,2019,02월28일
59,2019년03월01일,1348.52,1248.5,2019,03월01일
60,2019년03월02일,1349.01,1248.8,2019,03월02일
61,2019년03월03일,1349.18,1248.9,2019,03월03일
62,2019년03월04일,1349.54,1249.48,2019,03월04일
63,2019년03월05일,1350.21,1250.28,2019,03월05일
64,2019년03월06일,1350.83,1251.02,2019,03월06일
65,2019년03월07일,1351.77,1252.01,2019,03월07일
66,2019년03월08일,1353.58,1253.97,2019,03월08일
67,2019년03월09일,1354.89,1255.17,2019,03월09일
68,2019년03월10일,1355.69,1255.79,2019,03월10일
69,2019년03월11일,1356.86,1257.38,2019,03월11일
70,2019년03월12일,1358.93,1259.29,2019,03월12일
71,2019년03월13일,1361.38,1261.62,2019,03월13일
72,2019년03월14일,1363.69,1263.88,2019,03월14일
73,2019년03월15일,1366.83,1267.06,2019,03월15일
74,2019년03월16일,1369.55,1269.58,2019,03월16일
75,2019년03월17일,1370.93,1270.67,2019,03월17일
76,2019년03월18일,1372.96,1272.95,2019,03월18일
77,2019년03월19일,1375.77,1275.44,2019,03월19일
78,2019년03월20일,1378.03,1277.6,2019,03월20일
79,2019년03월21일,1379.83,1279.21,2019,03월21일
80,2019년03월22일,1381.85,1281.22,2019,03월22일
81,2019년03월23일,1383.83,1283.09,2019,03월23일
82,2019년03월24일,1384.72,1283.7,2019,03월24일
83,2019년03월25일,1386.32,1285.44,2019,03월25일
84,2019년03월26일,1388.31,1287.33,2019,03월26일
85,2019년03월27일,1389.97,1288.77,2019,03월27일
86,2019년03월28일,1391.43,1290.02,2019,03월28일
87,2019년03월29일,1392.77,1291.24,2019,03월29일
88,2019년03월30일,1393.96,1292.32,2019,03월30일
89,2019년03월31일,1394.19,1292.39,2019,03월31일
90,2019년04월01일,1396.21,1294.48,2019,04월01일
91,2019년04월02일,1398.26,1296.03,2019,04월02일
92,2019년04월03일,1399.91,1297.42,2019,04월03일
93,2019년04월04일,1401.33,1298.55,2019,04월04일
94,2019년04월05일,1402.73,1299.7,2019,04월05일
95,2019년04월06일,1404.24,1300.91,2019,04월06일
96,2019년04월07일,1405.01,1301.4,2019,04월07일
97,2019년04월08일,1406.37,1302.72,2019,04월08일
98,2019년04월09일,1408.14,1304.14,2019,04월09일
99,2019년04월10일,1409.99,1305.73,2019,04월10일
100,2019년04월11일,1411.96,1307.52,2019,04월11일
101,2019년04월12일,1414.21,1309.38,2019,04월12일
102,2019년04월13일,1416.7,1311.29,2019,04월13일
103,2019년04월14일,1417.96,1312.08,2019,04월14일
104,2019년04월15일,1420.05,1313.98,2019,04월15일
105,2019년04월16일,1423.2,1316.23,2019,04월16일
106,2019년04월17일,1425.97,1318.36,2019,04월17일
107,2019년04월18일,1428.32,1320.14,2019,04월18일
108,2019년04월19일,1431.07,1322.04,2019,04월19일
109,2019년04월20일,1433.69,1323.78,2019,04월20일
110,2019년04월21일,1435.18,1324.66,2019,04월21일
111,2019년04월22일,1437.68,1326.54,2019,04월22일
112,2019년04월23일,1440.95,1328.81,2019,04월23일
113,2019년04월24일,1444.26,1331.19,2019,04월24일
114,2019년04월25일,1447.0,1333.19,2019,04월25일
115,2019년04월26일,1449.65,1335.14,2019,04월26일
116,2019년04월27일,1452.3,1336.99,2019,04월27일
117,2019년04월28일,1453.81,1337.81,2019,04월28일
118,2019년04월29일,1456.22,1339.93,2019,04월29일
119,2019년04월30일,1459.4,1342.35,2019,04월30일
120,2019년05월01일,1463.79,1345.64,2019,05월01일
121,2019년05월02일,1466.64,1347.81,2019,05월02일
122,2019년05월03일,1469.8,1350.07,2019,05월03일
123,2019년05월04일,1472.95,1352.51,2019,05월04일
124,2019년05월05일,1475.12,1354.14,2019,05월05일
125,2019년05월06일,1477.24,1355.76,2019,05월06일
126,2019년05월07일,1500.12,1373.41,2019,05월07일
127,2019년05월08일,1511.97,1382.32,2019,05월08일
128,2019년05월09일,1517.31,1386.25,2019,05월09일
129,2019년05월10일,1520.01,1388.26,2019,05월10일
130,2019년05월11일,1522.23,1389.84,2019,05월11일
131,2019년05월12일,1523.16,1390.35,2019,05월12일
132,2019년05월13일,1524.45,1391.37,2019,05월13일
133,2019년05월14일,1525.75,1392.22,2019,05월14일
134,2019년05월15일,1526.59,1392.8,2019,05월15일
135,2019년05월16일,1527.6,1393.38,2019,05월16일
136,2019년05월17일,1528.69,1394.0,2019,05월17일
137,2019년05월18일,1529.81,1394.73,2019,05월18일
138,2019년05월19일,1530.36,1394.95,2019,05월19일
139,2019년05월20일,1531.06,1395.46,2019,05월20일
140,2019년05월21일,1532.46,1396.34,2019,05월21일
141,2019년05월22일,1533.5,1397.07,2019,05월22일
142,2019년05월23일,1534.24,1397.46,2019,05월23일
143,2019년05월24일,1534.9,1397.98,2019,05월24일
144,2019년05월25일,1535.24,1398.06,2019,05월25일
145,2019년05월26일,1535.43,1398.08,2019,05월26일
146,2019년05월27일,1535.83,1398.33,2019,05월27일
147,2019년05월28일,1536.22,1398.58,2019,05월28일
148,2019년05월29일,1536.97,1399.11,2019,05월29일
149,2019년05월30일,1537.08,1399.07,2019,05월30일
150,2019년05월31일,1536.98,1398.94,2019,05월31일
151,2019년06월01일,1536.66,1398.53,2019,06월01일
152,2019년06월02일,1536.53,1398.21,2019,06월02일
153,2019년06월03일,1536.17,1397.94,2019,06월03일
154,2019년06월04일,1535.22,1397.12,2019,06월04일
155,2019년06월05일,1534.24,1396.05,2019,06월05일
156,2019년06월06일,1533.18,1395.01,2019,06월06일
157,2019년06월07일,1532.57,1394.4,2019,06월07일
158,2019년06월08일,1531.58,1393.39,2019,06월08일
159,2019년06월09일,1531.0,1392.79,2019,06월09일
160,2019년06월10일,1530.06,1391.97,2019,06월10일
161,2019년06월11일,1528.0,1389.95,2019,06월11일
162,2019년06월12일,1525.89,1387.9,2019,06월12일
163,2019년06월13일,1523.36,1385.59,2019,06월13일
164,2019년06월14일,1520.9,1383.07,2019,06월14일
165,2019년06월15일,1518.33,1380.58,2019,06월15일
166,2019년06월16일,1517.3,1379.44,2019,06월16일
167,2019년06월17일,1515.21,1377.66,2019,06월17일
168,2019년06월18일,1512.45,1374.82,2019,06월18일
169,2019년06월19일,1509.96,1372.43,2019,06월19일
170,2019년06월20일,1507.74,1370.24,2019,06월20일
171,2019년06월21일,1505.8,1368.32,2019,06월21일
172,2019년06월22일,1504.13,1366.55,2019,06월22일
173,2019년06월23일,1503.57,1365.85,2019,06월23일
174,2019년06월24일,1502.41,1364.73,2019,06월24일
175,2019년06월25일,1500.87,1363.5,2019,06월25일
176,2019년06월26일,1499.9,1362.48,2019,06월26일
177,2019년06월27일,1499.14,1361.77,2019,06월27일
178,2019년06월28일,1498.68,1361.56,2019,06월28일
179,2019년06월29일,1497.86,1360.84,2019,06월29일
180,2019년06월30일,1497.59,1360.29,2019,06월30일
181,2019년07월01일,1496.52,1359.41,2019,07월01일
182,2019년07월02일,1495.58,1358.43,2019,07월02일
183,2019년07월03일,1494.75,1357.54,2019,07월03일
184,2019년07월04일,1493.81,1356.45,2019,07월04일
185,2019년07월05일,1492.88,1355.51,2019,07월05일
186,2019년07월06일,1492.26,1354.72,2019,07월06일
187,2019년07월07일,1491.97,1354.2,2019,07월07일
188,2019년07월08일,1491.59,1353.91,2019,07월08일
189,2019년07월09일,1491.02,1353.24,2019,07월09일
190,2019년07월10일,1490.56,1352.6,2019,07월10일
191,2019년07월11일,1490.29,1352.17,2019,07월11일
192,2019년07월12일,1490.07,1351.9,2019,07월12일
193,2019년07월13일,1489.97,1351.75,2019,07월13일
194,2019년07월14일,1490.08,1351.64,2019,07월14일
195,2019년07월15일,1490.25,1351.78,2019,07월15일
196,2019년07월16일,1490.43,1351.83,2019,07월16일
197,2019년07월17일,1490.47,1351.63,2019,07월17일
198,2019년07월18일,1490.48,1351.61,2019,07월18일
199,2019년07월19일,1490.49,1351.55,2019,07월19일
200,2019년07월20일,1490.44,1351.33,2019,07월20일
201,2019년07월21일,1490.43,1351.17,2019,07월21일
202,2019년07월22일,1490.51,1351.35,2019,07월22일
203,2019년07월23일,1490.55,1351.1,2019,07월23일
204,2019년07월24일,1490.5,1351.13,2019,07월24일
205,2019년07월25일,1490.75,1351.15,2019,07월25일
206,2019년07월26일,1491.01,1351.31,2019,07월26일
207,2019년07월27일,1491.19,1351.35,2019,07월27일
208,2019년07월28일,1491.37,1351.25,2019,07월28일
209,2019년07월29일,1491.57,1351.49,2019,07월29일
210,2019년07월30일,1492.1,1351.55,2019,07월30일
211,2019년07월31일,1492.4,1351.77,2019,07월31일
212,2019년08월01일,1492.91,1352.0,2019,08월01일
213,2019년08월02일,1493.52,1352.59,2019,08월02일
214,2019년08월03일,1493.7,1352.61,2019,08월03일
215,2019년08월04일,1493.82,1352.49,2019,08월04일
216,2019년08월05일,1493.98,1352.72,2019,08월05일
217,2019년08월06일,1494.13,1352.76,2019,08월06일
218,2019년08월07일,1494.12,1352.55,2019,08월07일
219,2019년08월08일,1494.04,1352.47,2019,08월08일
220,2019년08월09일,1493.77,1352.18,2019,08월09일
221,2019년08월10일,1493.63,1351.91,2019,08월10일
222,2019년08월11일,1493.53,1351.71,2019,08월11일
223,2019년08월12일,1493.54,1351.73,2019,08월12일
224,2019년08월13일,1493.54,1351.72,2019,08월13일
225,2019년08월14일,1493.45,1351.61,2019,08월14일
226,2019년08월15일,1493.42,1351.38,2019,08월15일
227,2019년08월16일,1493.31,1351.44,2019,08월16일
228,2019년08월17일,1493.17,1351.3,2019,08월17일
229,2019년08월18일,1493.16,1351.12,2019,08월18일
230,2019년08월19일,1493.15,1351.21,2019,08월19일
231,2019년08월20일,1493.12,1351.19,2019,08월20일
232,2019년08월21일,1492.94,1351.04,2019,08월21일
233,2019년08월22일,1493.06,1351.06,2019,08월22일
234,2019년08월23일,1493.3,1351.31,2019,08월23일
235,2019년08월24일,1493.32,1351.26,2019,08월24일
236,2019년08월25일,1493.42,1351.21,2019,08월25일
237,2019년08월26일,1493.73,1351.63,2019,08월26일
238,2019년08월27일,1493.94,1351.74,2019,08월27일
239,2019년08월28일,1494.18,1352.07,2019,08월28일
240,2019년08월29일,1494.52,1352.37,2019,08월29일
241,2019년08월30일,1495.13,1352.91,2019,08월30일
242,2019년08월31일,1496.68,1354.05,2019,08월31일
243,2019년09월01일,1509.16,1363.44,2019,09월01일
244,2019년09월02일,1515.3,1368.44,2019,09월02일
245,2019년09월03일,1518.61,1371.01,2019,09월03일
246,2019년09월04일,1520.36,1372.43,2019,09월04일
247,2019년09월05일,1521.11,1372.95,2019,09월05일
248,2019년09월06일,1522.03,1373.96,2019,09월06일
249,2019년09월07일,1522.3,1374.07,2019,09월07일
250,2019년09월08일,1522.62,1374.28,2019,09월08일
251,2019년09월09일,1522.87,1374.61,2019,09월09일
252,2019년09월10일,1523.24,1374.85,2019,09월10일
253,2019년09월11일,1523.9,1375.43,2019,09월11일
254,2019년09월12일,1524.7,1375.95,2019,09월12일
255,2019년09월13일,1525.07,1376.19,2019,09월13일
256,2019년09월14일,1525.13,1376.09,2019,09월14일
257,2019년09월15일,1525.21,1376.05,2019,09월15일
258,2019년09월16일,1526.28,1377.0,2019,09월16일
259,2019년09월17일,1529.08,1379.52,2019,09월17일
260,2019년09월18일,1531.55,1381.64,2019,09월18일
261,2019년09월19일,1533.21,1383.17,2019,09월19일
262,2019년09월20일,1534.79,1384.56,2019,09월20일
263,2019년09월21일,1536.13,1385.54,2019,09월21일
264,2019년09월22일,1536.66,1385.86,2019,09월22일
265,2019년09월23일,1537.63,1386.98,2019,09월23일
266,2019년09월24일,1538.93,1387.88,2019,09월24일
267,2019년09월25일,1540.36,1389.24,2019,09월25일
268,2019년09월26일,1541.37,1390.01,2019,09월26일
269,2019년09월27일,1541.97,1390.63,2019,09월27일
270,2019년09월28일,1542.43,1390.8,2019,09월28일
271,2019년09월29일,1542.69,1390.98,2019,09월29일
272,2019년09월30일,1543.09,1391.46,2019,09월30일
273,2019년10월01일,1543.54,1391.75,2019,10월01일
274,2019년10월02일,1543.49,1391.62,2019,10월02일
275,2019년10월03일,1543.55,1391.6,2019,10월03일
276,2019년10월04일,1543.25,1391.37,2019,10월04일
277,2019년10월05일,1543.0,1390.96,2019,10월05일
278,2019년10월06일,1543.0,1390.85,2019,10월06일
279,2019년10월07일,1542.95,1390.76,2019,10월07일
280,2019년10월08일,1542.75,1390.47,2019,10월08일
281,2019년10월09일,1542.51,1390.11,2019,10월09일
282,2019년10월10일,1542.27,1389.9,2019,10월10일
283,2019년10월11일,1541.98,1389.5,2019,10월11일
284,2019년10월12일,1541.72,1389.16,2019,10월12일
285,2019년10월13일,1541.73,1388.97,2019,10월13일
286,2019년10월14일,1541.6,1388.93,2019,10월14일
287,2019년10월15일,1541.4,1388.55,2019,10월15일
288,2019년10월16일,1541.03,1388.21,2019,10월16일
289,2019년10월17일,1540.69,1387.85,2019,10월17일
290,2019년10월18일,1539.96,1387.13,2019,10월18일
291,2019년10월19일,1539.59,1386.66,2019,10월19일
292,2019년10월20일,1539.51,1386.38,2019,10월20일
293,2019년10월21일,1539.27,1386.24,2019,10월21일
294,2019년10월22일,1538.83,1385.76,2019,10월22일
295,2019년10월23일,1538.44,1385.24,2019,10월23일
296,2019년10월24일,1538.06,1384.93,2019,10월24일
297,2019년10월25일,1537.72,1384.57,2019,10월25일
298,2019년10월26일,1537.45,1384.2,2019,10월26일
299,2019년10월27일,1537.42,1383.9,2019,10월27일
300,2019년10월28일,1537.26,1383.83,2019,10월28일
301,2019년10월29일,1536.99,1383.52,2019,10월29일
302,2019년10월30일,1536.81,1383.34,2019,10월30일
303,2019년10월31일,1536.62,1383.13,2019,10월31일
304,2019년11월01일,1536.09,1382.59,2019,11월01일
305,2019년11월02일,1535.8,1382.22,2019,11월02일
306,2019년11월03일,1535.75,1382.0,2019,11월03일
307,2019년11월04일,1535.6,1382.03,2019,11월04일
308,2019년11월05일,1535.12,1381.52,2019,11월05일
309,2019년11월06일,1534.76,1381.18,2019,11월06일
310,2019년11월07일,1534.42,1380.76,2019,11월07일
311,2019년11월08일,1534.33,1380.75,2019,11월08일
312,2019년11월09일,1534.22,1380.51,2019,11월09일
313,2019년11월10일,1534.23,1380.22,2019,11월10일
314,2019년11월11일,1534.28,1380.39,2019,11월11일
315,2019년11월12일,1534.38,1380.34,2019,11월12일
316,2019년11월13일,1534.43,1380.28,2019,11월13일
317,2019년11월14일,1534.64,1380.18,2019,11월14일
318,2019년11월15일,1534.8,1380.27,2019,11월15일
319,2019년11월16일,1535.02,1380.14,2019,11월16일
320,2019년11월17일,1535.14,1380.0,2019,11월17일
321,2019년11월18일,1535.3,1380.13,2019,11월18일
322,2019년11월19일,1535.36,1379.84,2019,11월19일
323,2019년11월20일,1535.46,1379.68,2019,11월20일
324,2019년11월21일,1535.76,1379.7,2019,11월21일
325,2019년11월22일,1536.04,1379.78,2019,11월22일
326,2019년11월23일,1536.34,1379.82,2019,11월23일
327,2019년11월24일,1536.62,1379.75,2019,11월24일
328,2019년11월25일,1536.84,1380.0,2019,11월25일
329,2019년11월26일,1537.09,1380.05,2019,11월26일
330,2019년11월27일,1537.4,1380.13,2019,11월27일
331,2019년11월28일,1537.75,1380.26,2019,11월28일
332,2019년11월29일,1538.07,1380.37,2019,11월29일
333,2019년11월30일,1538.41,1380.35,2019,11월30일
334,2019년12월01일,1538.9,1380.42,2019,12월01일
335,2019년12월02일,1539.22,1380.65,2019,12월02일
336,2019년12월03일,1539.85,1380.94,2019,12월03일
337,2019년12월04일,1540.18,1381.01,2019,12월04일
338,2019년12월05일,1540.71,1381.15,2019,12월05일
339,2019년12월06일,1541.4,1381.42,2019,12월06일
340,2019년12월07일,1542.28,1381.78,2019,12월07일
341,2019년12월08일,1542.64,1381.76,2019,12월08일
342,2019년12월09일,1543.34,1382.35,2019,12월09일
343,2019년12월10일,1544.07,1382.64,2019,12월10일
344,2019년12월11일,1544.93,1383.08,2019,12월11일
345,2019년12월12일,1545.71,1383.53,2019,12월12일
346,2019년12월13일,1546.42,1383.96,2019,12월13일
347,2019년12월14일,1547.22,1384.33,2019,12월14일
348,2019년12월15일,1547.67,1384.42,2019,12월15일
349,2019년12월16일,1548.42,1385.04,2019,12월16일
350,2019년12월17일,1549.25,1385.5,2019,12월17일
351,2019년12월18일,1549.87,1385.93,2019,12월18일
352,2019년12월19일,1550.57,1386.36,2019,12월19일
353,2019년12월20일,1551.3,1386.88,2019,12월20일
354,2019년12월21일,1552.04,1387.36,2019,12월21일
355,2019년12월22일,1552.58,1387.49,2019,12월22일
356,2019년12월23일,1553.15,1388.05,2019,12월23일
357,2019년12월24일,1554.23,1388.82,2019,12월24일
358,2019년12월25일,1554.82,1389.21,2019,12월25일
359,2019년12월26일,1555.46,1389.74,2019,12월26일
360,2019년12월27일,1556.18,1390.22,2019,12월27일
361,2019년12월28일,1556.8,1390.58,2019,12월28일
362,2019년12월29일,1557.19,1390.71,2019,12월29일
363,2019년12월30일,1557.74,1391.19,2019,12월30일
364,2019년12월31일,1558.44,1391.59,2019,12월31일
365,2020년01월01일,1559.6,1392.26,2020,01월01일
366,2020년01월02일,1560.36,1392.88,2020,01월02일
367,2020년01월03일,1561.05,1393.16,2020,01월03일
368,2020년01월04일,1561.87,1393.82,2020,01월04일
369,2020년01월05일,1562.34,1394.03,2020,01월05일
370,2020년01월06일,1563.32,1394.97,2020,01월06일
371,2020년01월07일,1565.06,1396.28,2020,01월07일
372,2020년01월08일,1566.54,1397.58,2020,01월08일
373,2020년01월09일,1568.19,1398.84,2020,01월09일
374,2020년01월10일,1569.25,1399.62,2020,01월10일
375,2020년01월11일,1570.06,1400.13,2020,01월11일
376,2020년01월12일,1570.36,1400.31,2020,01월12일
377,2020년01월13일,1570.97,1400.86,2020,01월13일
378,2020년01월14일,1571.34,1401.06,2020,01월14일
379,2020년01월15일,1571.46,1401.02,2020,01월15일
380,2020년01월16일,1571.56,1401.06,2020,01월16일
381,2020년01월17일,1571.45,1400.91,2020,01월17일
382,2020년01월18일,1571.27,1400.67,2020,01월18일
383,2020년01월19일,1571.22,1400.52,2020,01월19일
384,2020년01월20일,1571.26,1400.67,2020,01월20일
385,2020년01월21일,1571.17,1400.4,2020,01월21일
386,2020년01월22일,1571.06,1400.18,2020,01월22일
387,2020년01월23일,1571.06,1400.05,2020,01월23일
388,2020년01월24일,1570.99,1399.94,2020,01월24일
389,2020년01월25일,1571.01,1399.84,2020,01월25일
390,2020년01월26일,1570.91,1399.63,2020,01월26일
391,2020년01월27일,1570.53,1399.13,2020,01월27일
392,2020년01월28일,1570.26,1398.77,2020,01월28일
393,2020년01월29일,1569.66,1398.1,2020,01월29일
394,2020년01월30일,1568.76,1397.37,2020,01월30일
395,2020년01월31일,1567.8,1396.42,2020,01월31일
396,2020년02월01일,1566.46,1394.86,2020,02월01일
397,2020년02월02일,1565.92,1394.1,2020,02월02일
398,2020년02월03일,1564.89,1393.18,2020,02월03일
399,2020년02월04일,1563.3,1391.26,2020,02월04일
400,2020년02월05일,1561.93,1389.72,2020,02월05일
401,2020년02월06일,1560.33,1387.92,2020,02월06일
402,2020년02월07일,1558.76,1386.04,2020,02월07일
403,2020년02월08일,1557.5,1384.5,2020,02월08일
404,2020년02월09일,1556.89,1383.7,2020,02월09일
405,2020년02월10일,1555.51,1382.38,2020,02월10일
406,2020년02월11일,1552.66,1379.28,2020,02월11일
407,2020년02월12일,1550.29,1376.42,2020,02월12일
408,2020년02월13일,1547.53,1373.28,2020,02월13일
409,2020년02월14일,1545.01,1370.38,2020,02월14일
410,2020년02월15일,1542.96,1367.64,2020,02월15일
411,2020년02월16일,1541.95,1366.27,2020,02월16일
412,2020년02월17일,1540.38,1364.35,2020,02월17일
413,2020년02월18일,1538.33,1361.95,2020,02월18일
414,2020년02월19일,1536.63,1359.7,2020,02월19일
415,2020년02월20일,1535.17,1357.74,2020,02월20일
416,2020년02월21일,1533.93,1356.17,2020,02월21일
417,2020년02월22일,1533.01,1354.85,2020,02월22일
418,2020년02월23일,1532.62,1354.19,2020,02월23일
419,2020년02월24일,1531.73,1353.38,2020,02월24일
420,2020년02월25일,1530.59,1351.74,2020,02월25일
421,2020년02월26일,1529.45,1350.36,2020,02월26일
422,2020년02월27일,1528.09,1348.74,2020,02월27일
423,2020년02월28일,1526.59,1346.79,2020,02월28일
424,2020년02월29일,1525.03,1344.88,2020,02월29일
425,2020년03월01일,1523.52,1342.68,2020,03월01일
426,2020년03월02일,1521.76,1340.72,2020,03월02일
427,2020년03월03일,1519.5,1337.92,2020,03월03일
428,2020년03월04일,1517.3,1335.41,2020,03월04일
429,2020년03월05일,1515.36,1333.15,2020,03월05일
430,2020년03월06일,1513.55,1330.82,2020,03월06일
431,2020년03월07일,1511.7,1328.48,2020,03월07일
432,2020년03월08일,1510.79,1327.27,2020,03월08일
433,2020년03월09일,1508.65,1324.82,2020,03월09일
434,2020년03월10일,1505.06,1320.52,2020,03월10일
435,2020년03월11일,1499.7,1314.23,2020,03월11일
436,2020년03월12일,1494.89,1308.62,2020,03월12일
437,2020년03월13일,1490.23,1303.35,2020,03월13일
438,2020년03월14일,1486.01,1298.25,2020,03월14일
439,2020년03월15일,1484.04,1295.73,2020,03월15일
440,2020년03월16일,1480.14,1291.56,2020,03월16일
441,2020년03월17일,1473.72,1284.17,2020,03월17일
442,2020년03월18일,1465.4,1275.15,2020,03월18일
443,2020년03월19일,1457.94,1266.95,2020,03월19일
444,2020년03월20일,1450.71,1259.24,2020,03월20일
445,2020년03월21일,1445.02,1253.06,2020,03월21일
446,2020년03월22일,1442.55,1250.05,2020,03월22일
447,2020년03월23일,1437.38,1244.7,2020,03월23일
448,2020년03월24일,1430.25,1236.94,2020,03월24일
449,2020년03월25일,1423.96,1230.81,2020,03월25일
450,2020년03월26일,1418.18,1224.52,2020,03월26일
451,2020년03월27일,1411.92,1218.12,2020,03월27일
452,2020년03월28일,1406.63,1212.81,2020,03월28일
453,2020년03월29일,1403.83,1209.9,2020,03월29일
454,2020년03월30일,1398.93,1205.16,2020,03월30일
455,2020년03월31일,1393.03,1199.27,2020,03월31일
456,2020년04월01일,1384.29,1190.5,2020,04월01일
457,2020년04월02일,1377.9,1184.19,2020,04월02일
458,2020년04월03일,1372.03,1178.65,2020,04월03일
459,2020년04월04일,1367.91,1174.57,2020,04월04일
460,2020년04월05일,1366.27,1172.64,2020,04월05일
461,2020년04월06일,1362.9,1169.74,2020,04월06일
462,2020년04월07일,1357.79,1164.68,2020,04월07일
463,2020년04월08일,1352.04,1159.16,2020,04월08일
464,2020년04월09일,1347.54,1154.71,2020,04월09일
465,2020년04월10일,1343.57,1151.07,2020,04월10일
466,2020년04월11일,1339.93,1147.46,2020,04월11일
467,2020년04월12일,1338.46,1145.88,2020,04월12일
468,2020년04월13일,1335.31,1143.12,2020,04월13일
469,2020년04월14일,1331.1,1139.03,2020,04월14일
470,2020년04월15일,1326.56,1134.87,2020,04월15일
471,2020년04월16일,1322.62,1131.51,2020,04월16일
472,2020년04월17일,1317.95,1127.11,2020,04월17일
473,2020년04월18일,1313.53,1123.01,2020,04월18일
474,2020년04월19일,1311.41,1120.79,2020,04월19일
475,2020년04월20일,1307.26,1117.33,2020,04월20일
476,2020년04월21일,1301.62,1111.91,2020,04월21일
477,2020년04월22일,1296.7,1107.16,2020,04월22일
478,2020년04월23일,1292.03,1102.66,2020,04월23일
479,2020년04월24일,1287.36,1098.28,2020,04월24일
480,2020년04월25일,1283.83,1094.84,2020,04월25일
481,2020년04월26일,1282.05,1092.88,2020,04월26일
482,2020년04월27일,1278.85,1090.09,2020,04월27일
483,2020년04월28일,1274.4,1085.57,2020,04월28일
484,2020년04월29일,1270.26,1081.5,2020,04월29일
485,2020년04월30일,1267.24,1078.54,2020,04월30일
486,2020년05월01일,1264.02,1075.28,2020,05월01일
487,2020년05월02일,1262.63,1073.84,2020,05월02일
488,2020년05월03일,1261.66,1072.7,2020,05월03일
489,2020년05월04일,1259.87,1071.05,2020,05월04일
490,2020년05월05일,1257.33,1068.43,2020,05월05일
491,2020년05월06일,1256.15,1067.27,2020,05월06일
492,2020년05월07일,1253.91,1065.07,2020,05월07일
493,2020년05월08일,1252.46,1063.74,2020,05월08일
494,2020년05월09일,1251.41,1062.51,2020,05월09일
495,2020년05월10일,1251.08,1062.18,2020,05월10일
496,2020년05월11일,1250.1,1061.41,2020,05월11일
497,2020년05월12일,1249.18,1060.35,2020,05월12일
498,2020년05월13일,1248.34,1059.55,2020,05월13일
499,2020년05월14일,1247.95,1059.16,2020,05월14일
500,2020년05월15일,1247.58,1058.75,2020,05월15일
501,2020년05월16일,1247.73,1059.02,2020,05월16일
502,2020년05월17일,1247.91,1059.12,2020,05월17일
503,2020년05월18일,1248.13,1059.5,2020,05월18일
504,2020년05월19일,1248.66,1059.77,2020,05월19일
505,2020년05월20일,1249.29,1060.26,2020,05월20일
506,2020년05월21일,1250.29,1061.27,2020,05월21일
507,2020년05월22일,1251.66,1062.7,2020,05월22일
508,2020년05월23일,1253.38,1063.99,2020,05월23일
509,2020년05월24일,1254.16,1064.54,2020,05월24일
510,2020년05월25일,1255.48,1065.87,2020,05월25일
511,2020년05월26일,1258.57,1068.51,2020,05월26일
512,2020년05월27일,1261.22,1070.81,2020,05월27일
513,2020년05월28일,1263.74,1073.05,2020,05월28일
514,2020년05월29일,1266.16,1075.16,2020,05월29일
515,2020년05월30일,1268.42,1077.12,2020,05월30일
516,2020년05월31일,1269.84,1078.2,2020,05월31일
517,2020년06월01일,1273.49,1081.82,2020,06월01일
518,2020년06월02일,1276.04,1084.15,2020,06월02일
519,2020년06월03일,1279.03,1086.91,2020,06월03일
520,2020년06월04일,1282.23,1089.92,2020,06월04일
521,2020년06월05일,1286.85,1094.27,2020,06월05일
522,2020년06월06일,1292.21,1099.12,2020,06월06일
523,2020년06월07일,1294.67,1101.38,2020,06월07일
524,2020년06월08일,1299.39,1105.88,2020,06월08일
525,2020년06월09일,1306.08,1112.2,2020,06월09일
526,2020년06월10일,1311.63,1117.3,2020,06월10일
527,2020년06월11일,1316.17,1121.52,2020,06월11일
528,2020년06월12일,1319.99,1125.19,2020,06월12일
529,2020년06월13일,1322.91,1127.84,2020,06월13일
530,2020년06월14일,1324.22,1128.99,2020,06월14일
531,2020년06월15일,1327.02,1131.65,2020,06월15일
532,2020년06월16일,1330.09,1134.37,2020,06월16일
533,2020년06월17일,1332.86,1137.11,2020,06월17일
534,2020년06월18일,1335.47,1139.58,2020,06월18일
535,2020년06월19일,1337.95,1142.0,2020,06월19일
536,2020년06월20일,1340.67,1144.35,2020,06월20일
537,2020년06월21일,1341.84,1145.5,2020,06월21일
538,2020년06월22일,1344.18,1147.87,2020,06월22일
539,2020년06월23일,1346.77,1150.24,2020,06월23일
540,2020년06월24일,1348.54,1151.92,2020,06월24일
541,2020년06월25일,1350.05,1153.36,2020,06월25일
542,2020년06월26일,1351.31,1154.71,2020,06월26일
543,2020년06월27일,1352.59,1155.94,2020,06월27일
544,2020년06월28일,1353.19,1156.35,2020,06월28일
545,2020년06월29일,1354.24,1157.44,2020,06월29일
546,2020년06월30일,1355.2,1158.25,2020,06월30일
547,2020년07월01일,1356.73,1159.77,2020,07월01일
548,2020년07월02일,1357.49,1160.4,2020,07월02일
549,2020년07월03일,1358.04,1161.04,2020,07월03일
550,2020년07월04일,1358.36,1161.3,2020,07월04일
551,2020년07월05일,1358.73,1161.47,2020,07월05일
552,2020년07월06일,1359.06,1161.97,2020,07월06일
553,2020년07월07일,1359.49,1162.36,2020,07월07일
554,2020년07월08일,1359.68,1162.63,2020,07월08일
555,2020년07월09일,1359.95,1162.83,2020,07월09일
556,2020년07월10일,1360.16,1162.92,2020,07월10일
557,2020년07월11일,1360.4,1163.23,2020,07월11일
558,2020년07월12일,1360.51,1163.15,2020,07월12일
559,2020년07월13일,1360.72,1163.34,2020,07월13일
560,2020년07월14일,1360.8,1163.45,2020,07월14일
561,2020년07월15일,1360.91,1163.56,2020,07월15일
562,2020년07월16일,1361.03,1163.62,2020,07월16일
563,2020년07월17일,1361.04,1163.74,2020,07월17일
564,2020년07월18일,1361.15,1163.67,2020,07월18일
565,2020년07월19일,1361.22,1163.62,2020,07월19일
566,2020년07월20일,1361.18,1163.65,2020,07월20일
567,2020년07월21일,1361.13,1163.6,2020,07월21일
568,2020년07월22일,1361.07,1163.52,2020,07월22일
569,2020년07월23일,1361.01,1163.45,2020,07월23일
570,2020년07월24일,1361.04,1163.46,2020,07월24일
571,2020년07월25일,1361.04,1163.49,2020,07월25일
572,2020년07월26일,1361.1,1163.48,2020,07월26일
573,2020년07월27일,1361.01,1163.49,2020,07월27일
574,2020년07월28일,1361.04,1163.47,2020,07월28일
575,2020년07월29일,1360.99,1163.46,2020,07월29일
576,2020년07월30일,1360.93,1163.42,2020,07월30일
577,2020년07월31일,1360.83,1163.34,2020,07월31일
578,2020년08월01일,1361.07,1163.69,2020,08월01일
579,2020년08월02일,1361.2,1163.67,2020,08월02일
580,2020년08월03일,1361.31,1163.89,2020,08월03일
581,2020년08월04일,1361.25,1163.76,2020,08월04일
582,2020년08월05일,1361.12,1163.68,2020,08월05일
583,2020년08월06일,1361.07,1163.59,2020,08월06일
584,2020년08월07일,1360.99,1163.51,2020,08월07일
585,2020년08월08일,1361.0,1163.49,2020,08월08일
586,2020년08월09일,1361.03,1163.42,2020,08월09일
587,2020년08월10일,1361.07,1163.48,2020,08월10일
588,2020년08월11일,1361.06,1163.48,2020,08월11일
589,2020년08월12일,1361.04,1163.43,2020,08월12일
590,2020년08월13일,1361.08,1163.51,2020,08월13일
591,2020년08월14일,1361.12,1163.52,2020,08월14일
592,2020년08월15일,1361.18,1163.69,2020,08월15일
593,2020년08월16일,1361.23,1163.68,2020,08월16일
594,2020년08월17일,1361.25,1163.63,2020,08월17일
595,2020년08월18일,1361.24,1163.7,2020,08월18일
596,2020년08월19일,1361.21,1163.76,2020,08월19일
597,2020년08월20일,1361.27,1163.83,2020,08월20일
598,2020년08월21일,1361.25,1163.83,2020,08월21일
599,2020년08월22일,1361.28,1163.73,2020,08월22일
600,2020년08월23일,1361.2,1163.63,2020,08월23일
601,2020년08월24일,1361.19,1163.76,2020,08월24일
602,2020년08월25일,1361.19,1163.62,2020,08월25일
603,2020년08월26일,1361.09,1163.53,2020,08월26일
604,2020년08월27일,1361.02,1163.41,2020,08월27일
605,2020년08월28일,1360.88,1163.27,2020,08월28일
606,2020년08월29일,1360.74,1163.14,2020,08월29일
607,2020년08월30일,1360.78,1163.18,2020,08월30일
608,2020년08월31일,1360.66,1163.09,2020,08월31일
609,2020년09월01일,1360.37,1162.88,2020,09월01일
610,2020년09월02일,1360.3,1162.66,2020,09월02일
611,2020년09월03일,1360.33,1162.68,2020,09월03일
612,2020년09월04일,1360.22,1162.5,2020,09월04일
613,2020년09월05일,1360.18,1162.37,2020,09월05일
614,2020년09월06일,1360.11,1162.24,2020,09월06일
615,2020년09월07일,1359.89,1161.95,2020,09월07일
616,2020년09월08일,1359.35,1161.52,2020,09월08일
617,2020년09월09일,1358.5,1160.62,2020,09월09일
618,2020년09월10일,1357.59,1159.74,2020,09월10일
619,2020년09월11일,1356.76,1158.86,2020,09월11일
620,2020년09월12일,1356.16,1158.2,2020,09월12일
621,2020년09월13일,1355.88,1157.92,2020,09월13일
622,2020년09월14일,1355.34,1157.37,2020,09월14일
623,2020년09월15일,1354.26,1156.25,2020,09월15일
624,2020년09월16일,1352.8,1154.73,2020,09월16일
625,2020년09월17일,1351.53,1153.43,2020,09월17일
626,2020년09월18일,1350.33,1152.26,2020,09월18일
627,2020년09월19일,1349.55,1151.47,2020,09월19일
628,2020년09월20일,1349.23,1151.1,2020,09월20일
629,2020년09월21일,1348.45,1150.44,2020,09월21일
630,2020년09월22일,1347.37,1149.22,2020,09월22일
631,2020년09월23일,1346.26,1148.08,2020,09월23일
632,2020년09월24일,1345.28,1146.98,2020,09월24일
633,2020년09월25일,1344.43,1146.23,2020,09월25일
634,2020년09월26일,1343.87,1145.54,2020,09월26일
635,2020년09월27일,1343.59,1145.23,2020,09월27일
636,2020년09월28일,1343.1,1144.85,2020,09월28일
637,2020년09월29일,1342.21,1143.56,2020,09월29일
638,2020년09월30일,1341.81,1142.93,2020,09월30일
639,2020년10월01일,1341.59,1142.56,2020,10월01일
640,2020년10월02일,1341.24,1142.29,2020,10월02일
641,2020년10월03일,1340.62,1141.54,2020,10월03일
642,2020년10월04일,1340.17,1141.05,2020,10월04일
643,2020년10월05일,1339.39,1140.22,2020,10월05일
644,2020년10월06일,1338.26,1139.04,2020,10월06일
645,2020년10월07일,1337.44,1138.27,2020,10월07일
646,2020년10월08일,1336.68,1137.52,2020,10월08일
647,2020년10월09일,1336.07,1136.94,2020,10월09일
648,2020년10월10일,1335.8,1136.56,2020,10월10일
649,2020년10월11일,1335.61,1136.39,2020,10월11일
650,2020년10월12일,1335.25,1136.01,2020,10월12일
651,2020년10월13일,1334.67,1135.4,2020,10월13일
652,2020년10월14일,1334.08,1134.85,2020,10월14일
653,2020년10월15일,1333.55,1134.34,2020,10월15일
654,2020년10월16일,1332.97,1133.73,2020,10월16일
655,2020년10월17일,1332.52,1133.24,2020,10월17일
656,2020년10월18일,1332.4,1133.01,2020,10월18일
657,2020년10월19일,1332.0,1132.58,2020,10월19일
658,2020년10월20일,1331.42,1132.01,2020,10월20일
659,2020년10월21일,1330.73,1131.32,2020,10월21일
660,2020년10월22일,1330.19,1130.66,2020,10월22일
661,2020년10월23일,1329.67,1130.17,2020,10월23일
662,2020년10월24일,1329.22,1129.77,2020,10월24일
663,2020년10월25일,1329.04,1129.46,2020,10월25일
664,2020년10월26일,1328.62,1129.11,2020,10월26일
665,2020년10월27일,1327.99,1128.47,2020,10월27일
666,2020년10월28일,1327.4,1127.78,2020,10월28일
667,2020년10월29일,1326.72,1127.1,2020,10월29일
668,2020년10월30일,1325.75,1126.21,2020,10월30일
669,2020년10월31일,1325.11,1125.45,2020,10월31일
670,2020년11월01일,1324.32,1124.51,2020,11월01일
671,2020년11월02일,1323.37,1123.7,2020,11월02일
672,2020년11월03일,1322.14,1122.34,2020,11월03일
673,2020년11월04일,1321.08,1121.22,2020,11월04일
674,2020년11월05일,1320.29,1120.47,2020,11월05일
675,2020년11월06일,1319.71,1119.96,2020,11월06일
676,2020년11월07일,1319.26,1119.36,2020,11월07일
677,2020년11월08일,1319.1,1119.02,2020,11월08일
678,2020년11월09일,1318.67,1118.69,2020,11월09일
679,2020년11월10일,1318.14,1118.16,2020,11월10일
680,2020년11월11일,1317.87,1117.8,2020,11월11일
681,2020년11월12일,1317.69,1117.58,2020,11월12일
682,2020년11월13일,1317.62,1117.64,2020,11월13일
683,2020년11월14일,1317.55,1117.53,2020,11월14일
684,2020년11월15일,1317.55,1117.34,2020,11월15일
685,2020년11월16일,1317.49,1117.44,2020,11월16일
686,2020년11월17일,1317.44,1117.29,2020,11월17일
687,2020년11월18일,1317.11,1116.97,2020,11월18일
688,2020년11월19일,1317.35,1117.18,2020,11월19일
689,2020년11월20일,1317.62,1117.46,2020,11월20일
690,2020년11월21일,1317.88,1117.75,2020,11월21일
691,2020년11월22일,1317.96,1117.64,2020,11월22일
692,2020년11월23일,1318.08,1117.97,2020,11월23일
693,2020년11월24일,1318.35,1118.33,2020,11월24일
694,2020년11월25일,1319.01,1118.97,2020,11월25일
695,2020년11월26일,1320.47,1120.47,2020,11월26일
696,2020년11월27일,1322.21,1122.42,2020,11월27일
697,2020년11월28일,1323.49,1123.53,2020,11월28일
698,2020년11월29일,1324.04,1124.08,2020,11월29일
699,2020년11월30일,1324.99,1125.19,2020,11월30일
700,2020년12월01일,1327.25,1127.51,2020,12월01일
701,2020년12월02일,1328.51,1128.81,2020,12월02일
702,2020년12월03일,1329.96,1130.3,2020,12월03일
703,2020년12월04일,1331.81,1132.17,2020,12월04일
704,2020년12월05일,1333.91,1134.35,2020,12월05일
705,2020년12월06일,1335.02,1135.33,2020,12월06일
706,2020년12월07일,1336.8,1137.24,2020,12월07일
707,2020년12월08일,1339.3,1139.68,2020,12월08일
708,2020년12월09일,1341.26,1141.67,2020,12월09일
709,2020년12월10일,1343.28,1143.72,2020,12월10일
710,2020년12월11일,1346.54,1146.94,2020,12월11일
711,2020년12월12일,1349.88,1150.27,2020,12월12일
712,2020년12월13일,1351.6,1151.82,2020,12월13일
713,2020년12월14일,1354.08,1154.49,2020,12월14일
714,2020년12월15일,1357.25,1157.7,2020,12월15일
715,2020년12월16일,1360.73,1161.26,2020,12월16일
716,2020년12월17일,1364.87,1165.49,2020,12월17일
717,2020년12월18일,1370.74,1171.4,2020,12월18일
718,2020년12월19일,1376.91,1177.34,2020,12월19일
719,2020년12월20일,1380.09,1180.46,2020,12월20일
720,2020년12월21일,1384.58,1185.16,2020,12월21일
721,2020년12월22일,1389.87,1190.57,2020,12월22일
722,2020년12월23일,1394.09,1194.87,2020,12월23일
723,2020년12월24일,1398.43,1199.3,2020,12월24일
724,2020년12월25일,1402.7,1203.45,2020,12월25일
725,2020년12월26일,1405.23,1206.06,2020,12월26일
726,2020년12월27일,1406.84,1207.54,2020,12월27일
727,2020년12월28일,1409.68,1210.65,2020,12월28일
728,2020년12월29일,1413.82,1214.6,2020,12월29일
729,2020년12월30일,1417.11,1218.04,2020,12월30일
730,2020년12월31일,1419.7,1220.58,2020,12월31일
731,2021년01월01일,1424.0,1224.64,2021,01월01일
732,2021년01월02일,1425.64,1226.31,2021,01월02일
733,2021년01월03일,1426.62,1227.34,2021,01월03일
734,2021년01월04일,1428.43,1229.22,2021,01월04일
735,2021년01월05일,1430.42,1231.37,2021,01월05일
736,2021년01월06일,1431.84,1232.66,2021,01월06일
737,2021년01월07일,1433.41,1234.06,2021,01월07일
738,2021년01월08일,1434.78,1235.41,2021,01월08일
739,2021년01월09일,1436.05,1236.56,2021,01월09일
740,2021년01월10일,1436.73,1237.18,2021,01월10일
741,2021년01월11일,1437.89,1238.44,2021,01월11일
742,2021년01월12일,1439.25,1239.76,2021,01월12일
743,2021년01월13일,1440.44,1240.99,2021,01월13일
744,2021년01월14일,1441.94,1242.48,2021,01월14일
745,2021년01월15일,1443.47,1244.02,2021,01월15일
746,2021년01월16일,1444.83,1245.32,2021,01월16일
747,2021년01월17일,1445.38,1245.77,2021,01월17일
748,2021년01월18일,1446.25,1246.7,2021,01월18일
749,2021년01월19일,1447.27,1247.7,2021,01월19일
750,2021년01월20일,1448.04,1248.56,2021,01월20일
751,2021년01월21일,1448.83,1249.31,2021,01월21일
752,2021년01월22일,1449.36,1249.82,2021,01월22일
753,2021년01월23일,1449.76,1250.18,2021,01월23일
754,2021년01월24일,1449.89,1250.18,2021,01월24일
755,2021년01월25일,1450.32,1250.71,2021,01월25일
756,2021년01월26일,1450.49,1250.85,2021,01월26일
757,2021년01월27일,1450.73,1251.11,2021,01월27일
758,2021년01월28일,1450.89,1251.21,2021,01월28일
759,2021년01월29일,1451.3,1251.6,2021,01월29일
760,2021년01월30일,1451.43,1251.79,2021,01월30일
761,2021년01월31일,1451.48,1251.75,2021,01월31일
762,2021년02월01일,1451.94,1252.3,2021,02월01일
763,2021년02월02일,1451.99,1252.38,2021,02월02일
764,2021년02월03일,1452.13,1252.56,2021,02월03일
765,2021년02월04일,1452.42,1252.8,2021,02월04일
766,2021년02월05일,1452.85,1253.2,2021,02월05일
767,2021년02월06일,1453.46,1253.85,2021,02월06일
768,2021년02월07일,1453.65,1253.97,2021,02월07일
769,2021년02월08일,1454.26,1254.64,2021,02월08일
770,2021년02월09일,1455.63,1255.86,2021,02월09일
771,2021년02월10일,1457.21,1257.42,2021,02월10일
772,2021년02월11일,1458.76,1258.86,2021,02월11일
773,2021년02월12일,1459.28,1259.36,2021,02월12일
774,2021년02월13일,1459.61,1259.73,2021,02월13일
775,2021년02월14일,1459.89,1259.97,2021,02월14일
776,2021년02월15일,1461.06,1261.12,2021,02월15일
777,2021년02월16일,1463.32,1263.37,2021,02월16일
778,2021년02월17일,1464.89,1264.93,2021,02월17일
779,2021년02월18일,1466.59,1266.71,2021,02월18일
780,2021년02월19일,1468.46,1268.47,2021,02월19일
781,2021년02월20일,1469.88,1269.81,2021,02월20일
782,2021년02월21일,1470.6,1270.45,2021,02월21일
783,2021년02월22일,1471.83,1271.86,2021,02월22일
784,2021년02월23일,1473.21,1273.23,2021,02월23일
785,2021년02월24일,1474.79,1274.74,2021,02월24일
786,2021년02월25일,1476.11,1276.05,2021,02월25일
787,2021년02월26일,1477.54,1277.65,2021,02월26일
788,2021년02월27일,1479.1,1279.25,2021,02월27일
789,2021년02월28일,1479.89,1279.83,2021,02월28일
790,2021년03월01일,1481.76,1281.79,2021,03월01일
791,2021년03월02일,1483.1,1283.22,2021,03월02일
792,2021년03월03일,1484.45,1284.59,2021,03월03일
793,2021년03월04일,1485.71,1285.76,2021,03월04일
794,2021년03월05일,1487.79,1287.77,2021,03월05일
795,2021년03월06일,1490.69,1290.65,2021,03월06일
796,2021년03월07일,1492.4,1292.27,2021,03월07일
797,2021년03월08일,1495.18,1295.18,2021,03월08일
798,2021년03월09일,1498.95,1298.9,2021,03월09일
799,2021년03월10일,1501.95,1301.82,2021,03월10일
800,2021년03월11일,1504.22,1304.06,2021,03월11일
801,2021년03월12일,1506.7,1306.43,2021,03월12일
802,2021년03월13일,1509.97,1309.59,2021,03월13일
803,2021년03월14일,1511.68,1311.17,2021,03월14일
804,2021년03월15일,1514.35,1313.91,2021,03월15일
805,2021년03월16일,1517.64,1317.11,2021,03월16일
806,2021년03월17일,1520.36,1319.74,2021,03월17일
807,2021년03월18일,1522.81,1322.18,2021,03월18일
808,2021년03월19일,1524.98,1324.2,2021,03월19일
809,2021년03월20일,1526.53,1325.69,2021,03월20일
810,2021년03월21일,1527.4,1326.49,2021,03월21일
811,2021년03월22일,1528.75,1327.95,2021,03월22일
812,2021년03월23일,1530.34,1329.45,2021,03월23일
813,2021년03월24일,1531.33,1330.32,2021,03월24일
814,2021년03월25일,1531.9,1330.76,2021,03월25일
815,2021년03월26일,1532.48,1331.16,2021,03월26일
816,2021년03월27일,1532.94,1331.33,2021,03월27일
817,2021년03월28일,1533.22,1331.45,2021,03월28일
818,2021년03월29일,1533.5,1331.89,2021,03월29일
819,2021년03월30일,1534.04,1332.27,2021,03월30일
820,2021년03월31일,1534.27,1332.49,2021,03월31일
821,2021년04월01일,1534.52,1333.1,2021,04월01일
822,2021년04월02일,1534.68,1333.22,2021,04월02일
823,2021년04월03일,1534.84,1333.29,2021,04월03일
824,2021년04월04일,1534.93,1333.22,2021,04월04일
825,2021년04월05일,1535.02,1333.54,2021,04월05일
826,2021년04월06일,1535.07,1333.51,2021,04월06일
827,2021년04월07일,1535.05,1333.43,2021,04월07일
828,2021년04월08일,1535.04,1333.33,2021,04월08일
829,2021년04월09일,1534.99,1333.3,2021,04월09일
830,2021년04월10일,1534.9,1333.22,2021,04월10일
831,2021년04월11일,1534.95,1333.08,2021,04월11일
832,2021년04월12일,1534.97,1333.17,2021,04월12일
833,2021년04월13일,1534.9,1333.17,2021,04월13일
834,2021년04월14일,1534.79,1333.16,2021,04월14일
835,2021년04월15일,1534.71,1332.98,2021,04월15일
836,2021년04월16일,1534.64,1332.94,2021,04월16일
837,2021년04월17일,1534.38,1332.46,2021,04월17일
838,2021년04월18일,1534.35,1332.31,2021,04월18일
839,2021년04월19일,1534.33,1332.43,2021,04월19일
840,2021년04월20일,1534.26,1332.34,2021,04월20일
841,2021년04월21일,1534.25,1332.45,2021,04월21일
842,2021년04월22일,1534.21,1332.29,2021,04월22일
843,2021년04월23일,1534.11,1332.19,2021,04월23일
844,2021년04월24일,1534.04,1332.11,2021,04월24일
845,2021년04월25일,1534.03,1331.97,2021,04월25일
846,2021년04월26일,1534.03,1332.17,2021,04월26일
847,2021년04월27일,1533.96,1332.05,2021,04월27일
848,2021년04월28일,1533.93,1331.98,2021,04월28일
849,2021년04월29일,1533.92,1331.98,2021,04월29일
850,2021년04월30일,1533.93,1331.98,2021,04월30일
851,2021년05월01일,1534.19,1331.99,2021,05월01일
852,2021년05월02일,1534.27,1332.01,2021,05월02일
853,2021년05월03일,1534.27,1332.18,2021,05월03일
854,2021년05월04일,1534.28,1332.13,2021,05월04일
855,2021년05월05일,1534.36,1332.17,2021,05월05일
856,2021년05월06일,1534.55,1332.44,2021,05월06일
857,2021년05월07일,1534.9,1332.66,2021,05월07일
858,2021년05월08일,1535.33,1332.99,2021,05월08일
859,2021년05월09일,1535.53,1332.96,2021,05월09일
860,2021년05월10일,1536.1,1333.59,2021,05월10일
861,2021년05월11일,1537.02,1334.55,2021,05월11일
862,2021년05월12일,1537.73,1335.22,2021,05월12일
863,2021년05월13일,1538.82,1336.23,2021,05월13일
864,2021년05월14일,1539.99,1337.23,2021,05월14일
865,2021년05월15일,1540.53,1337.59,2021,05월15일
866,2021년05월16일,1540.93,1337.89,2021,05월16일
867,2021년05월17일,1541.67,1338.79,2021,05월17일
868,2021년05월18일,1542.6,1339.76,2021,05월18일
869,2021년05월19일,1543.52,1340.52,2021,05월19일
870,2021년05월20일,1544.19,1341.26,2021,05월20일
871,2021년05월21일,1544.88,1342.01,2021,05월21일
872,2021년05월22일,1545.57,1342.52,2021,05월22일
873,2021년05월23일,1545.86,1342.66,2021,05월23일
874,2021년05월24일,1546.47,1343.57,2021,05월24일
875,2021년05월25일,1547.36,1344.41,2021,05월25일
876,2021년05월26일,1548.28,1345.25,2021,05월26일
877,2021년05월27일,1549.28,1346.23,2021,05월27일
878,2021년05월28일,1550.19,1347.07,2021,05월28일
879,2021년05월29일,1551.04,1347.96,2021,05월29일
880,2021년05월30일,1551.52,1348.3,2021,05월30일
881,2021년05월31일,1552.23,1349.2,2021,05월31일
882,2021년06월01일,1554.21,1351.2,2021,06월01일
883,2021년06월02일,1555.59,1352.56,2021,06월02일
884,2021년06월03일,1556.98,1353.87,2021,06월03일
885,2021년06월04일,1558.6,1355.45,2021,06월04일
886,2021년06월05일,1560.26,1357.08,2021,06월05일
887,2021년06월06일,1561.13,1357.87,2021,06월06일
888,2021년06월07일,1562.72,1359.48,2021,06월07일
889,2021년06월08일,1564.59,1361.39,2021,06월08일
890,2021년06월09일,1566.31,1363.17,2021,06월09일
891,2021년06월10일,1567.97,1364.75,2021,06월10일
892,2021년06월11일,1569.83,1366.64,2021,06월11일
893,2021년06월12일,1571.61,1368.5,2021,06월12일
894,2021년06월13일,1572.53,1369.34,2021,06월13일
895,2021년06월14일,1574.22,1371.18,2021,06월14일
896,2021년06월15일,1576.08,1373.08,2021,06월15일
897,2021년06월16일,1578.16,1375.2,2021,06월16일
898,2021년06월17일,1580.15,1377.28,2021,06월17일
899,2021년06월18일,1581.71,1378.8,2021,06월18일
900,2021년06월19일,1583.18,1380.31,2021,06월19일
901,2021년06월20일,1583.95,1380.93,2021,06월20일
902,2021년06월21일,1585.42,1382.59,2021,06월21일
903,2021년06월22일,1587.57,1384.76,2021,06월22일
904,2021년06월23일,1589.45,1386.67,2021,06월23일
905,2021년06월24일,1591.42,1388.67,2021,06월24일
906,2021년06월25일,1593.5,1390.65,2021,06월25일
907,2021년06월26일,1595.56,1392.56,2021,06월26일
908,2021년06월27일,1596.67,1393.61,2021,06월27일
909,2021년06월28일,1598.52,1395.65,2021,06월28일
910,2021년06월29일,1601.06,1398.26,2021,06월29일
911,2021년06월30일,1602.75,1399.91,2021,06월30일
912,2021년07월01일,1605.96,1403.07,2021,07월01일
913,2021년07월02일,1607.97,1405.02,2021,07월02일
914,2021년07월03일,1609.95,1406.75,2021,07월03일
915,2021년07월04일,1610.79,1407.44,2021,07월04일
916,2021년07월05일,1612.37,1409.22,2021,07월05일
917,2021년07월06일,1615.07,1411.79,2021,07월06일
918,2021년07월07일,1617.77,1414.43,2021,07월07일
919,2021년07월08일,1619.82,1416.46,2021,07월08일
920,2021년07월09일,1621.64,1418.19,2021,07월09일
921,2021년07월10일,1623.62,1420.08,2021,07월10일
922,2021년07월11일,1624.6,1420.89,2021,07월11일
923,2021년07월12일,1626.18,1422.6,2021,07월12일
924,2021년07월13일,1628.33,1424.58,2021,07월13일
925,2021년07월14일,1630.21,1426.35,2021,07월14일
926,2021년07월15일,1631.74,1427.9,2021,07월15일
927,2021년07월16일,1633.5,1429.58,2021,07월16일
928,2021년07월17일,1634.76,1430.98,2021,07월17일
929,2021년07월18일,1635.4,1431.48,2021,07월18일
930,2021년07월19일,1636.67,1432.85,2021,07월19일
931,2021년07월20일,1637.56,1433.65,2021,07월20일
932,2021년07월21일,1638.06,1434.06,2021,07월21일
933,2021년07월22일,1638.63,1434.65,2021,07월22일
934,2021년07월23일,1639.13,1435.09,2021,07월23일
935,2021년07월24일,1639.68,1435.5,2021,07월24일
936,2021년07월25일,1640.03,1435.65,2021,07월25일
937,2021년07월26일,1640.59,1436.35,2021,07월26일
938,2021년07월27일,1641.11,1436.87,2021,07월27일
939,2021년07월28일,1641.55,1437.31,2021,07월28일
940,2021년07월29일,1642.03,1437.63,2021,07월29일
941,2021년07월30일,1642.56,1438.13,2021,07월30일
942,2021년07월31일,1643.05,1438.5,2021,07월31일
943,2021년08월01일,1643.95,1439.18,2021,08월01일
944,2021년08월02일,1644.6,1439.98,2021,08월02일
945,2021년08월03일,1645.23,1440.57,2021,08월03일
946,2021년08월04일,1645.75,1440.98,2021,08월04일
947,2021년08월05일,1646.09,1441.3,2021,08월05일
948,2021년08월06일,1646.72,1441.84,2021,08월06일
949,2021년08월07일,1647.01,1441.98,2021,08월07일
950,2021년08월08일,1647.13,1441.99,2021,08월08일
951,2021년08월09일,1647.32,1442.25,2021,08월09일
952,2021년08월10일,1647.35,1442.23,2021,08월10일
953,2021년08월11일,1647.32,1442.14,2021,08월11일
954,2021년08월12일,1647.34,1442.12,2021,08월12일
955,2021년08월13일,1647.35,1442.11,2021,08월13일
956,2021년08월14일,1647.28,1441.95,2021,08월14일
957,2021년08월15일,1647.25,1441.87,2021,08월15일
958,2021년08월16일,1647.35,1442.02,2021,08월16일
959,2021년08월17일,1647.22,1441.9,2021,08월17일
960,2021년08월18일,1647.0,1441.6,2021,08월18일
961,2021년08월19일,1646.4,1441.01,2021,08월19일
962,2021년08월20일,1645.98,1440.55,2021,08월20일
963,2021년08월21일,1645.55,1439.96,2021,08월21일
964,2021년08월22일,1645.36,1439.86,2021,08월22일
965,2021년08월23일,1645.14,1439.71,2021,08월23일
966,2021년08월24일,1644.81,1439.35,2021,08월24일
967,2021년08월25일,1644.52,1439.06,2021,08월25일
968,2021년08월26일,1644.28,1438.88,2021,08월26일
969,2021년08월27일,1644.07,1438.62,2021,08월27일
970,2021년08월28일,1643.84,1438.32,2021,08월28일
971,2021년08월29일,1643.71,1438.04,2021,08월29일
972,2021년08월30일,1643.66,1438.21,2021,08월30일
973,2021년08월31일,1643.51,1438.06,2021,08월31일
974,2021년09월01일,1643.23,1437.74,2021,09월01일
975,2021년09월02일,1642.98,1437.55,2021,09월02일
976,2021년09월03일,1642.68,1437.28,2021,09월03일
977,2021년09월04일,1642.48,1436.95,2021,09월04일
978,2021년09월05일,1642.49,1436.8,2021,09월05일
979,2021년09월06일,1642.44,1436.91,2021,09월06일
980,2021년09월07일,1642.25,1436.72,2021,09월07일
981,2021년09월08일,1642.09,1436.52,2021,09월08일
982,2021년09월09일,1642.03,1436.39,2021,09월09일
983,2021년09월10일,1641.97,1436.39,2021,09월10일
984,2021년09월11일,1641.76,1436.19,2021,09월11일
985,2021년09월12일,1641.79,1436.01,2021,09월12일
986,2021년09월13일,1641.88,1436.28,2021,09월13일
987,2021년09월14일,1641.78,1436.17,2021,09월14일
988,2021년09월15일,1641.79,1436.25,2021,09월15일
989,2021년09월16일,1641.83,1436.29,2021,09월16일
990,2021년09월17일,1642.07,1436.52,2021,09월17일
991,2021년09월18일,1642.22,1436.67,2021,09월18일
992,2021년09월19일,1642.38,1436.71,2021,09월19일
993,2021년09월20일,1642.59,1436.88,2021,09월20일
994,2021년09월21일,1642.65,1436.92,2021,09월21일
995,2021년09월22일,1642.47,1436.66,2021,09월22일
996,2021년09월23일,1642.8,1437.21,2021,09월23일
997,2021년09월24일,1643.19,1437.73,2021,09월24일
998,2021년09월25일,1643.4,1437.83,2021,09월25일
999,2021년09월26일,1643.55,1437.88,2021,09월26일
1000,2021년09월27일,1643.93,1438.49,2021,09월27일
1001,2021년09월28일,1644.44,1439.03,2021,09월28일
1002,2021년09월29일,1645.12,1439.76,2021,09월29일
1003,2021년09월30일,1645.99,1440.85,2021,09월30일
1004,2021년10월01일,1648.21,1443.14,2021,10월01일
1005,2021년10월02일,1649.52,1444.57,2021,10월02일
1006,2021년10월03일,1650.24,1445.08,2021,10월03일
1007,2021년10월04일,1651.18,1446.28,2021,10월04일
1008,2021년10월05일,1652.92,1448.18,2021,10월05일
1009,2021년10월06일,1656.81,1452.28,2021,10월06일
1010,2021년10월07일,1661.16,1456.8,2021,10월07일
1011,2021년10월08일,1667.13,1462.87,2021,10월08일
1012,2021년10월09일,1673.01,1468.94,2021,10월09일
1013,2021년10월10일,1676.42,1472.26,2021,10월10일
1014,2021년10월11일,1680.13,1476.01,2021,10월11일
1015,2021년10월12일,1685.07,1481.2,2021,10월12일
1016,2021년10월13일,1693.57,1490.26,2021,10월13일
1017,2021년10월14일,1700.95,1498.15,2021,10월14일
1018,2021년10월15일,1709.17,1506.65,2021,10월15일
1019,2021년10월16일,1716.93,1514.39,2021,10월16일
1020,2021년10월17일,1720.83,1518.34,2021,10월17일
1021,2021년10월18일,1725.89,1523.77,2021,10월18일
1022,2021년10월19일,1732.45,1530.43,2021,10월19일
1023,2021년10월20일,1739.15,1537.28,2021,10월20일
1024,2021년10월21일,1743.99,1542.25,2021,10월21일
1025,2021년10월22일,1748.7,1547.04,2021,10월22일
1026,2021년10월23일,1753.22,1551.4,2021,10월23일
1027,2021년10월24일,1755.49,1553.43,2021,10월24일
1028,2021년10월25일,1758.42,1556.69,2021,10월25일
1029,2021년10월26일,1762.66,1560.93,2021,10월26일
1030,2021년10월27일,1766.7,1564.79,2021,10월27일
1031,2021년10월28일,1770.89,1568.88,2021,10월28일
1032,2021년10월29일,1774.44,1572.22,2021,10월29일
1033,2021년10월30일,1778.82,1576.42,2021,10월30일
1034,2021년10월31일,1780.9,1578.31,2021,10월31일
1035,2021년11월01일,1784.53,1582.01,2021,11월01일
1036,2021년11월02일,1788.16,1585.36,2021,11월02일
1037,2021년11월03일,1791.29,1588.34,2021,11월03일
1038,2021년11월04일,1794.95,1591.63,2021,11월04일
1039,2021년11월05일,1797.95,1594.42,2021,11월05일
1040,2021년11월06일,1801.25,1597.58,2021,11월06일
1041,2021년11월07일,1802.96,1598.84,2021,11월07일
1042,2021년11월08일,1805.18,1600.87,2021,11월08일
1043,2021년11월09일,1807.47,1602.98,2021,11월09일
1044,2021년11월10일,1809.12,1604.52,2021,11월10일
1045,2021년11월11일,1810.16,1605.64,2021,11월11일
1046,2021년11월12일,1767.74,1575.03,2021,11월12일
1047,2021년11월13일,1751.17,1562.4,2021,11월13일
1048,2021년11월14일,1742.5,1555.81,2021,11월14일
1049,2021년11월15일,1724.87,1542.16,2021,11월15일
1050,2021년11월16일,1711.92,1531.96,2021,11월16일
1051,2021년11월17일,1704.62,1526.24,2021,11월17일
1052,2021년11월18일,1699.1,1521.82,2021,11월18일
1053,2021년11월19일,1695.39,1518.74,2021,11월19일
1054,2021년11월20일,1692.72,1516.5,2021,11월20일
1055,2021년11월21일,1691.38,1515.15,2021,11월21일
1056,2021년11월22일,1688.88,1513.22,2021,11월22일
1057,2021년11월23일,1687.02,1511.62,2021,11월23일
1058,2021년11월24일,1685.6,1510.35,2021,11월24일
1059,2021년11월25일,1684.46,1509.16,2021,11월25일
1060,2021년11월26일,1683.16,1508.23,2021,11월26일
1061,2021년11월27일,1681.57,1506.77,2021,11월27일
1062,2021년11월28일,1680.79,1505.83,2021,11월28일
1063,2021년11월29일,1679.52,1504.95,2021,11월29일
1064,2021년11월30일,1678.25,1503.76,2021,11월30일
1065,2021년12월01일,1675.88,1501.52,2021,12월01일
1066,2021년12월02일,1673.98,1499.73,2021,12월02일
1067,2021년12월03일,1672.11,1497.83,2021,12월03일
1068,2021년12월04일,1670.22,1495.88,2021,12월04일
1069,2021년12월05일,1669.44,1494.93,2021,12월05일
1070,2021년12월06일,1667.87,1493.43,2021,12월06일
1071,2021년12월07일,1664.87,1489.98,2021,12월07일
1072,2021년12월08일,1662.05,1486.87,2021,12월08일
1073,2021년12월09일,1659.45,1483.64,2021,12월09일
1074,2021년12월10일,1656.65,1480.84,2021,12월10일
1075,2021년12월11일,1654.4,1478.23,2021,12월11일
1076,2021년12월12일,1653.53,1477.06,2021,12월12일
1077,2021년12월13일,1651.59,1475.23,2021,12월13일
1078,2021년12월14일,1649.23,1472.46,2021,12월14일
1079,2021년12월15일,1646.71,1469.52,2021,12월15일
1080,2021년12월16일,1643.44,1466.11,2021,12월16일
1081,2021년12월17일,1641.08,1463.39,2021,12월17일
1082,2021년12월18일,1639.44,1461.35,2021,12월18일
1083,2021년12월19일,1638.75,1460.26,2021,12월19일
1084,2021년12월20일,1636.81,1458.47,2021,12월20일
1085,2021년12월21일,1634.46,1455.64,2021,12월21일
1086,2021년12월22일,1632.31,1453.08,2021,12월22일
1087,2021년12월23일,1630.71,1451.15,2021,12월23일
1088,2021년12월24일,1629.16,1449.37,2021,12월24일
1089,2021년12월25일,1628.1,1447.97,2021,12월25일
1090,2021년12월26일,1627.82,1447.53,2021,12월26일
1091,2021년12월27일,1627.07,1446.92,2021,12월27일
1092,2021년12월28일,1626.06,1445.68,2021,12월28일
1093,2021년12월29일,1625.31,1444.7,2021,12월29일
1094,2021년12월30일,1624.93,1444.0,2021,12월30일
1095,2021년12월31일,1624.47,1443.58,2021,12월31일
1096,2022년01월01일,1623.79,1442.42,2022,01월01일
1097,2022년01월02일,1623.4,1442.09,2022,01월02일
1098,2022년01월03일,1623.03,1441.82,2022,01월03일
1099,2022년01월04일,1622.32,1440.91,2022,01월04일
1100,2022년01월05일,1621.79,1440.23,2022,01월05일
1101,2022년01월06일,1621.22,1439.42,2022,01월06일
1102,2022년01월07일,1620.98,1439.13,2022,01월07일
1103,2022년01월08일,1621.4,1439.46,2022,01월08일
1104,2022년01월09일,1621.3,1439.18,2022,01월09일
1105,2022년01월10일,1621.45,1439.54,2022,01월10일
1106,2022년01월11일,1621.56,1439.59,2022,01월11일
1107,2022년01월12일,1622.04,1439.93,2022,01월12일
1108,2022년01월13일,1623.2,1441.22,2022,01월13일
1109,2022년01월14일,1624.78,1442.77,2022,01월14일
1110,2022년01월15일,1626.33,1444.25,2022,01월15일
1111,2022년01월16일,1627.47,1445.13,2022,01월16일
1112,2022년01월17일,1629.3,1447.28,2022,01월17일
1113,2022년01월18일,1631.44,1449.5,2022,01월18일
1114,2022년01월19일,1634.23,1452.22,2022,01월19일
1115,2022년01월20일,1637.65,1455.85,2022,01월20일
1116,2022년01월21일,1641.46,1459.98,2022,01월21일
1117,2022년01월22일,1644.44,1462.91,2022,01월22일
1118,2022년01월23일,1645.89,1464.12,2022,01월23일
1119,2022년01월24일,1648.45,1466.92,2022,01월24일
1120,2022년01월25일,1650.81,1469.52,2022,01월25일
1121,2022년01월26일,1653.39,1472.22,2022,01월26일
1122,2022년01월27일,1656.26,1475.31,2022,01월27일
1123,2022년01월28일,1659.44,1478.31,2022,01월28일
1124,2022년01월29일,1662.55,1481.21,2022,01월29일
1125,2022년01월30일,1664.47,1483.0,2022,01월30일
1126,2022년01월31일,1666.03,1484.35,2022,01월31일
1127,2022년02월01일,1667.71,1485.89,2022,02월01일
1128,2022년02월02일,1668.81,1487.05,2022,02월02일
1129,2022년02월03일,1671.13,1489.71,2022,02월03일
1130,2022년02월04일,1674.67,1493.54,2022,02월04일
1131,2022년02월05일,1680.26,1499.0,2022,02월05일
1132,2022년02월06일,1682.78,1501.32,2022,02월06일
1133,2022년02월07일,1686.54,1505.56,2022,02월07일
1134,2022년02월08일,1691.81,1511.18,2022,02월08일
1135,2022년02월09일,1697.01,1516.69,2022,02월09일
1136,2022년02월10일,1700.89,1521.1,2022,02월10일
1137,2022년02월11일,1704.32,1524.75,2022,02월11일
1138,2022년02월12일,1708.23,1528.91,2022,02월12일
1139,2022년02월13일,1710.46,1531.22,2022,02월13일
1140,2022년02월14일,1714.12,1535.33,2022,02월14일
1141,2022년02월15일,1718.64,1540.24,2022,02월15일
1142,2022년02월16일,1722.69,1545.08,2022,02월16일
1143,2022년02월17일,1726.09,1549.04,2022,02월17일
1144,2022년02월18일,1729.39,1552.79,2022,02월18일
1145,2022년02월19일,1732.31,1555.98,2022,02월19일
1146,2022년02월20일,1733.84,1557.47,2022,02월20일
1147,2022년02월21일,1736.48,1560.65,2022,02월21일
1148,2022년02월22일,1739.36,1563.99,2022,02월22일
1149,2022년02월23일,1743.05,1568.31,2022,02월23일
1150,2022년02월24일,1746.2,1572.03,2022,02월24일
1151,2022년02월25일,1750.84,1577.05,2022,02월25일
1152,2022년02월26일,1754.75,1581.41,2022,02월26일
1153,2022년02월27일,1756.31,1582.87,2022,02월27일
1154,2022년02월28일,1758.87,1585.96,2022,02월28일
1155,2022년03월01일,1763.32,1590.62,2022,03월01일
1156,2022년03월02일,1767.09,1594.81,2022,03월02일
1157,2022년03월03일,1774.18,1602.22,2022,03월03일
1158,2022년03월04일,1786.04,1615.37,2022,03월04일
1159,2022년03월05일,1803.2,1634.99,2022,03월05일
1160,2022년03월06일,1812.9,1646.01,2022,03월06일
1161,2022년03월07일,1828.34,1665.13,2022,03월07일
1162,2022년03월08일,1860.61,1706.45,2022,03월08일
1163,2022년03월09일,1892.4,1750.15,2022,03월09일
1164,2022년03월10일,1913.73,1781.84,2022,03월10일
1165,2022년03월11일,1938.97,1818.45,2022,03월11일
1166,2022년03월12일,1965.03,1857.08,2022,03월12일
1167,2022년03월13일,1975.36,1872.63,2022,03월13일
1168,2022년03월14일,1988.04,1892.42,2022,03월14일
1169,2022년03월15일,2000.95,1912.14,2022,03월15일
1170,2022년03월16일,2004.23,1917.89,2022,03월16일
1171,2022년03월17일,2003.42,1917.35,2022,03월17일
1172,2022년03월18일,2002.56,1917.35,2022,03월18일
1173,2022년03월19일,2002.13,1917.14,2022,03월19일
1174,2022년03월20일,2002.18,1917.39,2022,03월20일
1175,2022년03월21일,2002.12,1917.82,2022,03월21일
1176,2022년03월22일,2001.84,1917.89,2022,03월22일
1177,2022년03월23일,2001.72,1918.25,2022,03월23일
1178,2022년03월24일,2001.81,1918.92,2022,03월24일
1179,2022년03월25일,2001.92,1919.65,2022,03월25일
1180,2022년03월26일,2000.65,1919.15,2022,03월26일
1181,2022년03월27일,2000.85,1919.61,2022,03월27일
1182,2022년03월28일,2001.15,1920.44,2022,03월28일
1183,2022년03월29일,2000.45,1920.32,2022,03월29일
1184,2022년03월30일,1999.44,1919.72,2022,03월30일
1185,2022년03월31일,1998.39,1918.84,2022,03월31일
1186,2022년04월01일,1996.11,1916.89,2022,04월01일
1187,2022년04월02일,1994.54,1915.18,2022,04월02일
1188,2022년04월03일,1993.97,1914.62,2022,04월03일
1189,2022년04월04일,1992.3,1913.19,2022,04월04일
1190,2022년04월05일,1990.23,1911.37,2022,04월05일
1191,2022년04월06일,1988.81,1910.43,2022,04월06일
1192,2022년04월07일,1987.04,1909.18,2022,04월07일
1193,2022년04월08일,1984.87,1907.86,2022,04월08일
1194,2022년04월09일,1982.9,1906.17,2022,04월09일
1195,2022년04월10일,1982.06,1905.5,2022,04월10일
1196,2022년04월11일,1980.41,1904.54,2022,04월11일
1197,2022년04월12일,1976.94,1902.53,2022,04월12일
1198,2022년04월13일,1974.21,1900.84,2022,04월13일
1199,2022년04월14일,1972.26,1899.67,2022,04월14일
1200,2022년04월15일,1970.42,1899.2,2022,04월15일
1201,2022년04월16일,1969.26,1898.83,2022,04월16일
1202,2022년04월17일,1968.85,1898.62,2022,04월17일
1203,2022년04월18일,1968.37,1899.04,2022,04월18일
1204,2022년04월19일,1967.79,1899.54,2022,04월19일
1205,2022년04월20일,1967.3,1900.24,2022,04월20일
1206,2022년04월21일,1966.82,1900.7,2022,04월21일
1207,2022년04월22일,1966.64,1901.65,2022,04월22일
1208,2022년04월23일,1966.5,1902.33,2022,04월23일
1209,2022년04월24일,1966.66,1902.69,2022,04월24일
1210,2022년04월25일,1967.62,1906.16,2022,04월25일
1211,2022년04월26일,1968.2,1908.09,2022,04월26일
1212,2022년04월27일,1968.74,1909.86,2022,04월27일
1213,2022년04월28일,1969.9,1911.81,2022,04월28일
1214,2022년04월29일,1971.64,1915.25,2022,04월29일
1215,2022년04월30일,1974.77,1920.52,2022,04월30일
1216,2022년05월01일,1954.8,1908.76,2022,05월01일
1217,2022년05월02일,1944.63,1904.81,2022,05월02일
1218,2022년05월03일,1937.99,1903.93,2022,05월03일
1219,2022년05월04일,1934.47,1906.66,2022,05월04일
1220,2022년05월05일,1932.2,1910.34,2022,05월05일
1221,2022년05월06일,1931.69,1914.2,2022,05월06일
1222,2022년05월07일,1933.32,1920.01,2022,05월07일
1223,2022년05월08일,1935.93,1924.7,2022,05월08일
1224,2022년05월09일,1938.49,1931.32,2022,05월09일
1225,2022년05월10일,1943.79,1941.46,2022,05월10일
1226,2022년05월11일,1946.11,1947.59,2022,05월11일
1227,2022년05월12일,1948.69,1953.29,2022,05월12일
1228,2022년05월13일,1951.7,1959.24,2022,05월13일
1229,2022년05월14일,1954.7,1964.02,2022,05월14일
1230,2022년05월15일,1956.42,1966.48,2022,05월15일
1231,2022년05월16일,1958.73,1970.51,2022,05월16일
1232,2022년05월17일,1963.26,1976.49,2022,05월17일
1233,2022년05월18일,1967.33,1981.61,2022,05월18일
1234,2022년05월19일,1972.11,1986.76,2022,05월19일
1235,2022년05월20일,1977.39,1990.99,2022,05월20일
1236,2022년05월21일,1982.53,1994.32,2022,05월21일
1237,2022년05월22일,1985.07,1995.79,2022,05월22일
1238,2022년05월23일,1988.77,1998.38,2022,05월23일
1239,2022년05월24일,1994.77,2000.93,2022,05월24일
1240,2022년05월25일,1998.59,2002.68,2022,05월25일
1241,2022년05월26일,2001.53,2003.85,2022,05월26일
1242,2022년05월27일,2004.55,2005.14,2022,05월27일
1243,2022년05월28일,2007.62,2005.62,2022,05월28일
1244,2022년05월29일,2008.76,2006.09,2022,05월29일
1245,2022년05월30일,2010.45,2007.13,2022,05월30일
1246,2022년05월31일,2012.69,2008.23,2022,05월31일
1247,2022년06월01일,2015.37,2009.47,2022,06월01일
1248,2022년06월02일,2017.79,2011.18,2022,06월02일
1249,2022년06월03일,2020.84,2013.43,2022,06월03일
1250,2022년06월04일,2026.21,2018.44,2022,06월04일
1251,2022년06월05일,2029.29,2021.12,2022,06월05일
1252,2022년06월06일,2032.04,2023.85,2022,06월06일
1253,2022년06월07일,2035.74,2027.96,2022,06월07일
1254,2022년06월08일,2042.04,2036.52,2022,06월08일
1255,2022년06월09일,2048.47,2044.4,2022,06월09일
1256,2022년06월10일,2056.79,2054.37,2022,06월10일
1257,2022년06월11일,2064.59,2063.53,2022,06월11일
1258,2022년06월12일,2068.6,2067.99,2022,06월12일
1259,2022년06월13일,2074.3,2074.89,2022,06월13일
1260,2022년06월14일,2081.98,2083.67,2022,06월14일
1261,2022년06월15일,2087.61,2090.62,2022,06월15일
1262,2022년06월16일,2092.2,2096.1,2022,06월16일
1263,2022년06월17일,2098.45,2104.2,2022,06월17일
1264,2022년06월18일,2104.63,2112.5,2022,06월18일
1265,2022년06월19일,2107.53,2115.96,2022,06월19일
1266,2022년06월20일,2111.28,2120.85,2022,06월20일
1267,2022년06월21일,2116.35,2127.58,2022,06월21일
1268,2022년06월22일,2120.14,2133.25,2022,06월22일
1269,2022년06월23일,2123.61,2138.2,2022,06월23일
1270,2022년06월24일,2126.71,2143.13,2022,06월24일
1271,2022년06월25일,2129.47,2147.06,2022,06월25일
1272,2022년06월26일,2131.16,2149.16,2022,06월26일
1273,2022년06월27일,2133.8,2153.0,2022,06월27일
1274,2022년06월28일,2137.3,2158.24,2022,06월28일
1275,2022년06월29일,2141.09,2163.15,2022,06월29일
1276,2022년06월30일,2144.9,2167.66,2022,06월30일
1277,2022년07월01일,2128.84,2157.7,2022,07월01일
1278,2022년07월02일,2124.75,2155.39,2022,07월02일
1279,2022년07월03일,2123.33,2154.46,2022,07월03일
1280,2022년07월04일,2120.58,2153.08,2022,07월04일
1281,2022년07월05일,2117.18,2150.78,2022,07월05일
1282,2022년07월06일,2113.85,2148.59,2022,07월06일
1283,2022년07월07일,2108.96,2145.24,2022,07월07일
1284,2022년07월08일,2102.49,2140.28,2022,07월08일
1285,2022년07월09일,2097.77,2136.65,2022,07월09일
1286,2022년07월10일,2095.64,2134.84,2022,07월10일
1287,2022년07월11일,2090.82,2131.28,2022,07월11일
1288,2022년07월12일,2082.1,2124.27,2022,07월12일
1289,2022년07월13일,2073.11,2117.16,2022,07월13일
1290,2022년07월14일,2061.81,2108.96,2022,07월14일
1291,2022년07월15일,2049.04,2099.72,2022,07월15일
1292,2022년07월16일,2038.83,2092.28,2022,07월16일
1293,2022년07월17일,2034.36,2088.75,2022,07월17일
1294,2022년07월18일,2026.25,2082.11,2022,07월18일
1295,2022년07월19일,2013.01,2072.42,2022,07월19일
1296,2022년07월20일,2002.16,2063.99,2022,07월20일
1297,2022년07월21일,1989.93,2055.28,2022,07월21일
1298,2022년07월22일,1977.25,2046.01,2022,07월22일
1299,2022년07월23일,1964.6,2036.83,2022,07월23일
1300,2022년07월24일,1959.42,2032.61,2022,07월24일
1301,2022년07월25일,1948.86,2024.7,2022,07월25일
1302,2022년07월26일,1936.63,2015.01,2022,07월26일
1303,2022년07월27일,1926.81,2006.74,2022,07월27일
1304,2022년07월28일,1916.88,1998.46,2022,07월28일
1305,2022년07월29일,1907.31,1991.04,2022,07월29일
1306,2022년07월30일,1900.44,1985.32,2022,07월30일
1307,2022년07월31일,1897.27,1982.61,2022,07월31일
1308,2022년08월01일,1889.82,1976.46,2022,08월01일
1309,2022년08월02일,1881.75,1969.64,2022,08월02일
1310,2022년08월03일,1874.05,1963.18,2022,08월03일
1311,2022년08월04일,1866.41,1956.93,2022,08월04일
1312,2022년08월05일,1859.17,1950.56,2022,08월05일
1313,2022년08월06일,1852.0,1944.14,2022,08월06일
1314,2022년08월07일,1848.83,1941.43,2022,08월07일
1315,2022년08월08일,1842.61,1935.96,2022,08월08일
1316,2022년08월09일,1834.04,1928.2,2022,08월09일
1317,2022년08월10일,1825.12,1920.46,2022,08월10일
1318,2022년08월11일,1815.48,1911.58,2022,08월11일
1319,2022년08월12일,1805.86,1902.96,2022,08월12일
1320,2022년08월13일,1797.86,1895.71,2022,08월13일
1321,2022년08월14일,1794.06,1892.04,2022,08월14일
1322,2022년08월15일,1789.04,1887.53,2022,08월15일
1323,2022년08월16일,1781.36,1880.12,2022,08월16일
1324,2022년08월17일,1771.95,1870.89,2022,08월17일
1325,2022년08월18일,1764.38,1863.53,2022,08월18일
1326,2022년08월19일,1757.86,1857.23,2022,08월19일
1327,2022년08월20일,1753.37,1852.84,2022,08월20일
1328,2022년08월21일,1751.21,1850.59,2022,08월21일
1329,2022년08월22일,1746.84,1846.57,2022,08월22일
1330,2022년08월23일,1742.37,1842.27,2022,08월23일
1331,2022년08월24일,1739.85,1839.79,2022,08월24일
1332,2022년08월25일,1738.54,1838.6,2022,08월25일
1333,2022년08월26일,1737.77,1838.58,2022,08월26일
1334,2022년08월27일,1738.0,1838.82,2022,08월27일
1335,2022년08월28일,1738.06,1839.07,2022,08월28일
1336,2022년08월29일,1738.53,1840.79,2022,08월29일
1337,2022년08월30일,1740.46,1845.33,2022,08월30일
1338,2022년08월31일,1741.71,1847.37,2022,08월31일
1339,2022년09월01일,1742.51,1850.3,2022,09월01일
1340,2022년09월02일,1742.01,1850.7,2022,09월02일
1341,2022년09월03일,1741.46,1850.67,2022,09월03일
1342,2022년09월04일,1741.41,1850.76,2022,09월04일
1343,2022년09월05일,1741.49,1851.27,2022,09월05일
1344,2022년09월06일,1741.42,1851.76,2022,09월06일
1345,2022년09월07일,1740.99,1852.57,2022,09월07일
1346,2022년09월08일,1740.61,1853.89,2022,09월08일
1347,2022년09월09일,1740.42,1854.92,2022,09월09일
1348,2022년09월10일,1740.44,1855.39,2022,09월10일
1349,2022년09월11일,1740.46,1855.82,2022,09월11일
1350,2022년09월12일,1740.15,1856.09,2022,09월12일
1351,2022년09월13일,1740.54,1857.38,2022,09월13일
1352,2022년09월14일,1740.38,1858.63,2022,09월14일
1353,2022년09월15일,1740.34,1860.41,2022,09월15일
1354,2022년09월16일,1739.33,1860.74,2022,09월16일
1355,2022년09월17일,1737.72,1859.89,2022,09월17일
1356,2022년09월18일,1736.95,1859.21,2022,09월18일
1357,2022년09월19일,1735.73,1858.61,2022,09월19일
1358,2022년09월20일,1731.92,1855.12,2022,09월20일
1359,2022년09월21일,1728.37,1852.35,2022,09월21일
1360,2022년09월22일,1724.95,1849.76,2022,09월22일
1361,2022년09월23일,1721.16,1847.31,2022,09월23일
1362,2022년09월24일,1717.19,1844.45,2022,09월24일
1363,2022년09월25일,1715.25,1843.21,2022,09월25일
1364,2022년09월26일,1711.53,1841.0,2022,09월26일
1365,2022년09월27일,1705.43,1836.98,2022,09월27일
1366,2022년09월28일,1698.78,1832.33,2022,09월28일
1367,2022년09월29일,1693.28,1828.79,2022,09월29일
1368,2022년09월30일,1688.3,1826.08,2022,09월30일
1369,2022년10월01일,1682.04,1822.01,2022,10월01일
1370,2022년10월02일,1679.84,1820.55,2022,10월02일
1371,2022년10월03일,1677.55,1820.83,2022,10월03일
1372,2022년10월04일,1674.38,1817.56,2022,10월04일
